Workbook

Sheet แจ้งเตือน
A1: UV Guard: บันทึกผลทดสอบการแจ้งเตือนบนมือถือจริง (4 ต.ค. 2026, development build)
A2: ช่องสีเหลือง = ให้กรอกเอง · คอลัมน์ "ช้า (นาที)" คำนวณเอง ไม่ต้องกรอก · แถว "UV สูง" เป็นผลจริงและใช้เป็นตัวอย่างรูปแบบการกรอก (เวลาพิมพ์เป็น ชม.:นาที เช่น 10:06)
A4: รุ่นมือถือ | B4: Samsung Galaxy S23 Ultra
A5: เวอร์ชัน Android | B5: Android 16 (One UI 8.5)
A6: commit ที่ใช้ build | B6: da9057a | C6: JS ที่ทดสอบช่วงเช้าโหลดผ่าน Metro จาก da9057a · ช่วง 15:37 จาก c6b05db · แก้ล่าสุด d2b1762
A7: EAS build ID | B7: 791d5b3f-0cae-4f81-ae9d-6a36e527433b
A8: เกณฑ์เตือนที่ตั้ง | B8: สูงมาก (8+)
A9: ประเภทผิว | B9: III
A11: ประเภทการแจ้งเตือน | B11: เวลาที่กด / เปิดแอป | C11: เวลาที่ตั้ง | D11: เวลาที่ได้รับจริง | E11: ช้า (นาที) | F11: เสียบชาร์จ? | G11: โหมดประหยัดแบต? | H11: กดแล้วเปิดแอป? | I11: แคปหน้าจอ? | J11: หมายเหตุ
A12: UV สูง (จากพยากรณ์) | B12: 0.40902778 | C12: 0.41666667 | D12: 0.42083333 | E12: =IF(OR(C12="",D12=""),"",ROUND((D12-C12)*1440,0)) -> 6 | H12: ใช่ | I12: ไม่ได้แคป (กดเปิดไปก่อน) | J12: ผลจริง · หลังเปิดแอป หน้าหลักแสดง UVI 7.1 (6.0–8.1) และแถบ "เตือนตามค่าบน (q90) 8.1: ระดับสูงมาก" · ไม่ได้ขอ SCHEDULE_EXACT_ALARM จึงช้าได้
A13: ทาครีมซ้ำ (2 ชม.) | B13: 0.41111111 | C13: 0.49444444 | D13: 0.49583333 | E13: =IF(OR(C13="",D13=""),"",ROUND((D13-C13)*1440,0)) -> 2 | I13: แคปแล้ว (11:54) | J13: ผลจริง · กด "ทาครีมแล้ว" ราว 09:52 แอปแสดง "จะเตือนทาครีมซ้ำราว 11:52" · ได้รับ 11:54 หัวข้อ "ถึงเวลาทาครีมกันแดดซ้ำ" · ภาพแคปสะอาด ใช้ในรายงานได้
A14: ออกแดด รอบ 1 (80% ของ MED) | B14: 0.42222222 | C14: 0.43819444 | E14: =IF(OR(C14="",D14=""),"",ROUND((D14-C14)*1440,0)) | I14: ไม่มี (ไม่เด้ง) | J14: สรุปไม่ได้ · กด "ออกแดด" 10:08 แอปแสดง "จะเตือนราว 10:31" ตรงกับสูตร แต่ถึง 10:33 ยังไม่เด้ง (เปิดแอปค้างอยู่บนจอ) · แอปมีตัวจัดการแจ้งเตือนตอนเปิดแอปอยู่แล้ว จึงไม่ใช่สาเหตุ · สาเหตุที่เป็นไปได้: (1) ระบบส่งช้าเหมือนรายการอื่น (2) บั๊กข้อ 2 ในแท็บ ปัญหาที่พบ · 10:37 กดปุ่มซ้ำตามคำแนะนำ ทำให้รายการที่ค้างถูกยกเลิก จึงพิสูจน์ต่อไม่ได้
A15: ออกแดด รอบ 2 (80% ของ MED) | B15: 0.47291667 | D15: 0.49375 | E15: =IF(OR(C15="",D15=""),"",ROUND((D15-C15)*1440,0)) | I15: แคปแล้ว (11:51) ต้องครอบภาพก่อนใช้ | J15: ผลจริง · การ์ดแสดง "อยู่กลางแดดตั้งแต่ 11:21" · ได้รับ 11:51 หัวข้อ "ใกล้ถึงเวลาผิวไหม้ (ประมาณ)" · ช่อง "เวลาที่ตั้ง" ยังว่าง เพราะไม่ได้จดเวลาที่แอปบอกว่าจะเตือน · ตามสูตรควรเป็นราว 11:40 (แท็บ คำนวณ ส่วนรอบที่ 2) ถ้าใช่ = ช้าราว 11 นาที · ภาพแคปมีแจ้งเตือนของแอปอื่นปนอยู่
A16: ปลอดภัยแล้ว (UV ลดลง) | B16: – | C16: 0.625 | D16: 0.63125 | E16: =IF(OR(C16="",D16=""),"",ROUND((D16-C16)*1440,0)) -> 9 | G16: น่าจะเปิด (ไอคอนใบไม้ในภาพ รอยืนยัน) | H16: ไม่ได้จด | I16: แคปแล้ว (15:27) | J16: ผลจริง · หัวข้อ "UV ลดลงแล้ว ตั้งแต่ 15:00" ข้อความ "ค่าประมาณ UVI 2.6 (ค่าบน 3.0) ต่ำกว่า 6 แล้ว" · เกณฑ์ปลอดภัย = เกณฑ์เตือน 8 − 2 = 6 ตรงตามที่ออกแบบ · ได้รับ 15:09 · ภาพแคปมีแจ้งเตือนเดียว ใช้ในรายงานได้ (ครอบชื่อเครือข่ายด้านบนออกได้)
A17: สรุป UV 07:00 (เช้าวันถัดไป) | C17: 0.29166667 | E17: =IF(OR(C17="",D17=""),"",ROUND((D17-C17)*1440,0)) | J17: 07:00 คือเวลาที่ออกแบบไว้ ไม่ใช่ผลทดสอบ
A19: สรุป
A20: จำนวนที่ได้รับแล้ว | B20: =COUNT(D12:D17) -> 4
A21: ช้าเฉลี่ย (นาที) | B21: =IF(COUNT(E12:E17)=0,"",ROUND(AVERAGE(E12:E17),1)) -> 5.7 | C21: นับเฉพาะแถวที่มีทั้งเวลาที่ตั้งและเวลาที่ได้รับ
A22: ช้าสูงสุด (นาที) | B22: =IF(COUNT(E12:E17)=0,"",MAX(E12:E17)) -> 9
A23: ช้าสูงสุด ถ้านับรอบ 2 ตามสูตร | B23: =IF(คำนวณ!B27="","",MAX(B22,คำนวณ!B27)) -> 11 | C23: เวลาที่ตั้งของรอบ 2 มาจากสูตร ไม่ได้อ่านจากแอป จึงยังไม่ยืนยัน
A25: ยังต้องจด: ตอนแจ้งเตือนแต่ละรายการมา (10:06, 11:51, 11:54, 15:09) มือถือเสียบชาร์จอยู่ไหม และโหมดประหยัดแบตเปิดอยู่ไหม (ช่องสีเหลืองคอลัมน์ F และ G) · ภาพ 13:20, 13:39, 15:27 มีไอคอนใบไม้ที่แบตเตอรี่ จึงน่าจะเปิดโหมดประหยัดพลังงานอยู่
A26: วิธีแคปแจ้งเตือนรอบหน้า: อย่ากดที่ตัวแจ้งเตือน → ลากแถบด้านบนลงมา → กด Power + ลดเสียง พร้อมกัน → แล้วค่อยกดแจ้งเตือน

Sheet คำนวณ
A1: ตรวจตัวเลขของแอปด้วยสูตร (แก้ช่องสีเหลืองแล้วผลลัพธ์เปลี่ยนตาม)
A3: รายการ | B3: ค่า | C3: หน่วย | D3: ที่มา / หมายเหตุ
A4: MED ของผิวประเภท III | B4: 350 | C4: J/m² | D4: หน้าผลแบบสอบถามในแอป: "MED 350 J/m²"
A5: สัดส่วนที่แจ้งเตือน | B5: 0.8 | C5: ของ MED | D5: แอปเตือนที่ประมาณ 80% ของ MED (ROADMAP วัน 22)
A6: ค่าบนของ UVI (q90) ชั่วโมง 10:00–11:00 (รอบ 1) | B6: 8.1 | C6: UVI | D6: หน้าหลัก 10:06: "ช่วงที่น่าจะเป็น (q10–q90): 6.0–8.1"
A7: ตัวคูณ UVI → W/m² | B7: 0.025 | C7: W/m² ต่อ 1 UVI | D7: นิยาม UV Index: 1 UVI = 0.025 W/m² (erythemal)
A8: เวลาที่กด "ออกแดด" (รอบ 1) | B8: 0.42222222 | C8: ชม.:นาที | D8: จากการ์ด "อยู่กลางแจ้ง": "อยู่กลางแดดตั้งแต่ 10:08"
A10: ผลลัพธ์ | B10: ค่า | C10: หน่วย | D10: สูตร
A11: ปริมาณ UV ที่จะเตือน | B11: =B4*B5 -> 280 | C11: J/m² | D11: MED × สัดส่วน
A12: ความเข้มที่ใช้คิด | B12: =B6*B7 -> 0.2025 | C12: W/m² | D12: q90 × 0.025
A13: เวลาจนถึง 80% ของ MED | B13: =IF(B12=0,"",B11/B12) -> 1382.716 | C13: วินาที | D13: ปริมาณ ÷ ความเข้ม
A14: เวลาจนถึง 80% ของ MED | B14: =IF(B13="","",ROUND(B13/60,1)) -> 23 | C14: นาที | D14: วินาที ÷ 60
A15: เวลาที่แอปควรบอกว่าจะเตือน | B15: =IF(OR(B8="",B13=""),"",B8+B13/86400) -> 0.43822588 | C15: ชม.:นาที | D15: เวลาที่กด + เวลาจนถึง 80% (ใช้ได้เมื่อยังอยู่ในชั่วโมงเดียวกัน ถ้าข้ามชั่วโมง แอปจะสะสมด้วย UVI ของชั่วโมงถัดไป)
A16: เวลาก่อนผิวไหม้ (เต็ม MED) | B16: =IF(B12=0,"",ROUND(B4/B12/60,0)) -> 29 | C16: นาที | D16: MED ÷ ความเข้ม ÷ 60
A18: ตัวอย่าง: ถ้ากด 10:08 ที่ q90 = 8.1 จะได้ 280 ÷ 0.2025 ≈ 1,383 วินาที ≈ 23 นาที → ราว 10:31
A20: รอบที่ 2 (ออกแดด 11:21) | B20: ค่า | C20: หน่วย | D20: ที่มา / สูตร
A21: ค่าบนของ UVI (q90) ชั่วโมง 11:00–12:00 | B21: 9.7 | C21: UVI | D21: หน้าหลัก 12:00: 8.7 (ช่วงที่น่าจะเป็น 7.4–9.7)
A22: เวลาที่กด "ออกแดด" | B22: 0.47291667 | C22: ชม.:นาที | D22: การ์ด "อยู่กลางแจ้ง": "อยู่กลางแดดตั้งแต่ 11:21"
A23: ความเข้มที่ใช้คิด | B23: =B21*B7 -> 0.2425 | C23: W/m² | D23: q90 × 0.025
A24: เวลาจนถึง 80% ของ MED | B24: =IF(B23=0,"",ROUND(B11/B23/60,1)) -> 19.2 | C24: นาที | D24: ปริมาณ ÷ ความเข้ม ÷ 60
A25: เวลาที่แอปควรบอกว่าจะเตือน | B25: =IF(OR(B22="",B23=0),"",B22+B11/B23/86400) -> 0.48628055 | C25: ชม.:นาที | D25: เวลาที่กด + เวลาจนถึง 80% (อยู่ในชั่วโมง 11:00–12:00 ทั้งช่วง จึงใช้ q90 ค่าเดียวได้)
A26: เวลาที่ได้รับแจ้งเตือนจริง | B26: =แจ้งเตือน!D15 -> 0.49375 | C26: ชม.:นาที | D26: ดึงจากแท็บ แจ้งเตือน แถวออกแดด รอบ 2
A27: ช้าตามสูตร | B27: =IF(OR(B25="",B26=""),"",ROUND((B26-B25)*1440,0)) -> 11 | C27: นาที | D27: ยังไม่ยืนยัน: ต้องเทียบกับเวลาที่แอปแสดงบนการ์ดตอนกดออกแดด ซึ่งไม่ได้จดไว้
A28: เวลาก่อนผิวไหม้ (เต็ม MED) | B28: =IF(B23=0,"",ROUND(B4/B23/60,0)) -> 24 | C28: นาที | D28: MED ÷ ความเข้ม ÷ 60 · แอปแสดง 24 นาที ตอน 12:00

Sheet ภาคสนาม
A1: ตารางภาคสนาม: ค่าแสง 4 สภาพ และ UVI ของแอปเทียบกับ Open-Meteo (จดด้วยมือ)
A2: วางมือถือหงายขึ้นฟ้า (เอียงไม่เกิน 15°) ก่อนจดค่า lux · ช่องสีเหลือง = ยังต้องกรอก · แถวสีเทาเป็นค่าจาก 1 ต.ค. ที่เอียงเกิน จึงใช้ไม่ได้ · สถานที่เดียว: ปทุมธานี 4 ต.ค. 2026 มือถือ Galaxy S23 Ultra (Android 16, One UI 8.5)
A4: สภาพ | B4: เวลา | C4: lux | D4: เอียง (°) | E4: ทิศทางถูกต้อง? | F4: ท้องฟ้า | G4: UVI แอป (ค่ากลาง) | H4: q10 | I4: q90 | J4: UVI Open-Meteo | K4: ผลต่าง (แอป − Open-Meteo) | L4: หมายเหตุ
A5: ตัวอย่าง (1 ต.ค.) | B5: 0.55416667 | C5: 2765 | D5: 30 | E5: =IF(D5="","",IF(D5<=15,"ใช่","ไม่ (เอียงเกิน 15°)")) -> ไม่ (เอียงเกิน 15°) | G5: 8 | H5: 6.6 | I5: 9 | K5: =IF(OR(G5="",J5=""),"",ROUND(G5-J5,1)) | L5: เอียง 30° แอปเตือนว่าเอียงเกินไป ค่านี้ใช้ไม่ได้
A6: กลางแดด | B6: 12:00–12:04 | C6: 19321 | D6: 8 | E6: =IF(D6="","",IF(D6<=15,"ใช่","ไม่ (เอียงเกิน 15°)")) -> ใช่ | F6: เมฆบางส่วน | G6: 8.7 | H6: 7.4 | I6: 9.7 | K6: =IF(OR(G6="",J6=""),"",ROUND(G6-J6,1)) | L6: ต่ำกว่าที่คาดสำหรับแดดจัด (แดดตรงมักเกิน 50,000 lux) อาจเพราะเมฆบังดวงอาทิตย์ หรือเซนเซอร์/แอปมีเพดาน ยังสรุปไม่ได้
A7: ร่มไม้ | B7: 12:00–12:04 | C7: 1082 | D7: 9 | E7: =IF(D7="","",IF(D7<=15,"ใช่","ไม่ (เอียงเกิน 15°)")) -> ใช่ | F7: เมฆบางส่วน | G7: 8.7 | H7: 7.4 | I7: 9.7 | K7: =IF(OR(G7="",J7=""),"",ROUND(G7-J7,1)) | L7: UVI ของแอปเป็นค่าพยากรณ์ของจังหวัด ไม่ได้ลดตามร่มเงา
A8: ใต้หลังคา | B8: 12:00–12:04 | C8: 154 | D8: 7 | E8: =IF(D8="","",IF(D8<=15,"ใช่","ไม่ (เอียงเกิน 15°)")) -> ใช่ | F8: เมฆบางส่วน | G8: 8.7 | H8: 7.4 | I8: 9.7 | K8: =IF(OR(G8="",J8=""),"",ROUND(G8-J8,1)) | L8: เช่นเดียวกับแถวร่มไม้
A9: ในบ้าน | B9: 0.50625 | C9: 0 | D9: 12 | E9: =IF(D9="","",IF(D9<=15,"ใช่","ไม่ (เอียงเกิน 15°)")) -> ใช่ | F9: เมฆบางส่วน | G9: – | H9: – | I9: – | J9: – | K9: – | L9: น่าสงสัย: ในบ้านปกติควรได้หลักสิบถึงหลักร้อย lux · ต้องทดสอบเซนเซอร์ 3 ขั้น (ดูแท็บ ปัญหาที่พบ ข้อ 4)
A11: หมายเหตุ: ค่า lux ยังไม่ได้ปรับเทียบ ใช้ดูเท่านั้น ไม่เปลี่ยนค่า UVI · ถ่ายท้องฟ้าเพื่อเดโมเท่านั้น ไม่นำภาพไปฝึกโมเดล
A12: UVI แอป 8.7 (7.4–9.7) อ่านจากหน้าหลักตอน 12:00 ซึ่งยังติดป้ายชั่วโมง 11:00–12:00 (ปัญหาข้อ 3) · ช่อง UVI Open-Meteo: เปิด open-meteo.com ดูค่า UV index ของปทุมธานีชั่วโมงเดียวกัน แล้วกรอกช่องสีเหลือง
A13: มีค่า 123 lux อีก 1 ภาพ (12:00–12:04) ที่ยังไม่ได้ระบุว่าวัดที่ไหน จึงไม่ได้ใส่ในตาราง

Sheet ตรวจ % MED
A1: ตรวจตัวเลข "ได้รับ UV แล้วประมาณ … % ของ MED" บนการ์ดอยู่กลางแจ้ง
A2: ค่าคาด = นาทีที่ผ่านไป × 60 × (q90 × 0.025) ÷ MED · แถว 1 ใช้ q90 = 8.1 แถว 2 ใช้ q90 = 9.7 แถว 3 ใช้ q90 = 3.0 (ใส่ตรงในสูตร)
A4: เวลาที่ดูหน้าจอ | B4: เวลาที่กดออกแดด | C4: นาทีที่ผ่านไป | D4: % ที่แอปแสดง | E4: % ที่คาดจากสูตร | F4: ผลต่าง (แอป − คาด) | G4: สถานะ | H4: เปิดแอปค้างอยู่ / เพิ่งกลับมาจากล็อกจอ | I4: หมายเหตุ
A5: 0.43958333 | B5: =คำนวณ!$B$8 -> 0.42222222 | C5: =IF(OR(A5="",B5=""),"",ROUND((A5-B5)*1440,0)) -> 25 | D5: 0.79 | E5: =IF(C5="","",C5*60*คำนวณ!$B$12/คำนวณ!$B$4) -> 0.86785714 | F5: =IF(OR(D5="",E5=""),"",D5-E5) -> -0.077857143 | G5: =IF(F5="","",IF(ABS(F5)<=0.03,"ตรง","ไม่ตรง: ตรวจการอัปเดต")) -> ไม่ตรง: ตรวจการอัปเดต | H5: เพิ่งกลับมาเปิดแอป | I5: ผลจริง: แอปแสดง 79 % ซึ่งเป็นค่าของช่วงราว 10:30–10:31 สงสัยว่าไม่คำนวณซ้ำทันทีเมื่อกลับมาจากล็อกจอ (แสดงน้อยกว่าจริง = ผิดไปทางที่ไม่ปลอดภัย)
A6: 0.5 | B6: =คำนวณ!$B$22 -> 0.47291667 | C6: =IF(OR(A6="",B6=""),"",ROUND((A6-B6)*1440,0)) -> 39 | D6: 1.6 | E6: =IF(C6="","",C6*60*คำนวณ!$B$23/คำนวณ!$B$4) -> 1.6212857 | F6: =IF(OR(D6="",E6=""),"",D6-E6) -> -0.021285714 | G6: =IF(F6="","",IF(ABS(F6)<=0.03,"ตรง","ไม่ตรง: ตรวจการอัปเดต")) -> ตรง | H6: ไม่ได้จด | I6: ผลจริง รอบ 2 (ออกแดด 11:21): แอปแสดง 160 % สูตรได้ 162 % ต่างกันในระดับการปัดนาที = ตรง
A7: 0.65208333 | B7: 0.65069444 | C7: =IF(OR(A7="",B7=""),"",ROUND((A7-B7)*1440,0)) -> 2 | D7: 0.02 | E7: =IF(C7="","",C7*60*(3*คำนวณ!$B$7)/คำนวณ!$B$4) -> 0.025714286 | F7: =IF(OR(D7="",E7=""),"",D7-E7) -> -0.0057142857 | G7: =IF(F7="","",IF(ABS(F7)<=0.03,"ตรง","ไม่ตรง: ตรวจการอัปเดต")) -> ตรง | H7: ไม่ได้จด | I7: หลังแก้บั๊ก (commit c6b05db) ใน development build: ออกแดด 15:37 ค่าบน 3.0 แอปแสดง 2 % สูตรได้ 2.6 % = ตรง
A9: ข้อจำกัดของการตรวจนี้: เวลาบนจอละเอียดแค่ระดับนาที ค่าคาดจึงคลาดได้ราว ±4 จุดเปอร์เซ็นต์ที่ q90 = 8.1 · เกณฑ์ "ตรง" ตั้งไว้ที่ ±3 จุด · ถ้าข้ามชั่วโมง แอปจะสะสมด้วย UVI ของชั่วโมงถัดไป ค่าคาดในตารางนี้จะต่ำไป

Sheet กล้อง
A1: ผลถ่ายท้องฟ้าด้วยมือถือจริง (CNN ใช้แสดงผลเท่านั้น ไม่เปลี่ยนค่า UVI)
A2: ภาพที่ถ่ายในแอปไม่นำไปฝึกโมเดล · ช่องสีเหลือง = ยังต้องกรอก
A4: ภาพ | B4: วันที่ | C4: เวลา | D4: ป้ายมุมต่ำ (< 30°) | E4: ประเภทเมฆ (CNN) | F4: ความมั่นใจ | G4: ปริมาณเมฆ (โมเดล) | H4: ค่า red/blue | I4: ท้องฟ้าจริง (ตาเห็น) | J4: has_exif ใน log ของ API | K4: หมายเหตุ
A5: 1–2 | B5: 1 ต.ค. | C5: ไม่ได้จด | D5: ไม่ได้จด | E5: เมฆบางสีขาว | F5: 1 | G5: ไม่ได้จด | H5: ไม่ได้จด | I5: ไม่ได้จด | J5: ไม่ได้จด | K5: 2 ภาพ ได้ผลเหมือนกัน
A6: 3 | B6: 4 ต.ค. | C6: 12:00–12:04 | D6: แสดง (ถ่ายที่ 28°) | E6: เมฆบางสีขาว | F6: 1 | G6: มาก | H6: 0.97 | I6: เมฆบางส่วน | J6: False (ไม่มี EXIF ถึงเซิร์ฟเวอร์) | K6: มุมต่ำ เห็นขอบฟ้าและสิ่งปลูกสร้างได้ง่าย
A7: 4 | B7: 4 ต.ค. | C7: 12:00–12:04 | D7: ไม่แสดง | E7: เมฆบางสีขาว | F7: 1 | G7: มาก | H7: 0.86 | I7: เมฆบางส่วน | J7: False (ไม่มี EXIF ถึงเซิร์ฟเวอร์)
A8: 5 | B8: 4 ต.ค. | I8: ฟ้าใสสีฟ้า (ภาพตรวจ) | K8: ภาพตรวจ: เล็งส่วนของฟ้าที่ไม่มีเมฆ ถ้ายังได้ "เมฆบางสีขาว 100 %" แสดงว่าโมเดลไม่แยกแยะภาพจากมือถือ
A10: ข้อสังเกต
A11: จำนวนภาพที่ได้ "เมฆบางสีขาว" ที่ 100 % | B11: 4 | C11: จาก | D11: 4
A12: ทุกภาพจากมือถือได้ประเภทเดียวกันที่ความมั่นใจ 100 % ทั้งที่ท้องฟ้าจริงเป็นเมฆบางส่วน สงสัยว่าเป็น domain shift: โมเดลฝึกจาก SWIMCAT-ext (ภาพจากอินเทอร์เน็ต) ส่วนภาพมือถือมีมุมมอง สี และสิ่งปลูกสร้างต่างออกไป · 4 ภาพยังน้อยเกินจะสรุป · ควรเขียนในหัวข้อข้อจำกัดของรายงาน
A13: ผลบนชุดทดสอบ (SWIMCAT-ext 6 ประเภท 0.975) จึงไม่ได้รับประกันผลบนภาพจากมือถือ
A14: log ของ API (uvicorn) มี "sky-image upload has_exif=False" 2 บรรทัด ตรงกับ 2 ภาพของวันนี้ และตอบ 200 OK ทั้งคู่ · log ไม่มีเวลากำกับ จึงจับคู่ภาพกับบรรทัดตามลำดับ

Sheet ปัญหาที่พบ
A1: ปัญหาและข้อสังเกตจากการทดสอบ 4 ต.ค. 2026
A2: "ชนิด" แยกบั๊กของโค้ดออกจากข้อจำกัดที่ต้องเขียนลงรายงาน · ข้อ 9 ในตารางนี้คือ "บั๊กข้อ 4" ในตาราง Q ของ report.md
A4: # | B4: ชนิด | C4: ปัญหา | D4: หลักฐาน | E4: ผลกระทบ | F4: สาเหตุ / แนวทาง | G4: สถานะ
A5: 1 | B5: บั๊ก | C5: การ์ดอยู่กลางแจ้งแสดง % ของ MED ค้างค่าเก่าหลังกลับจากล็อกจอ | D5: 10:33 แอปแสดง 79 % สูตรได้ 87 % และไม่ขึ้นข้อความ "ถึง 80 % แล้ว" | E5: แสดงน้อยกว่าจริง = ผิดไปทางที่ไม่ปลอดภัย | F5: SunSessionCard คำนวณซ้ำด้วย setInterval ทุก 60 วินาทีเท่านั้น ไม่ฟัง AppState · แก้: hook useNow (interval + AppState active) พร้อมเทสต์ fake timers | G5: แก้แล้ว commit c6b05db · บนมือถือ 15:37–15:39 % ขยับ 0 → 2 % (ล็อกจอหรือไม่: ไม่ได้จด)
A6: 2 | B6: บั๊ก | C6: แจ้งเตือนที่เลยเวลาแล้วแต่ระบบยังไม่ส่ง ถูกยกเลิกเมื่อมีการ sync | D6: ออกแดดรอบ 1: ตั้ง 10:31 ไม่เด้ง (สรุปไม่ได้ว่าเกิดจากข้อนี้) | E6: แจ้งเตือนสำคัญอาจหายเงียบ ๆ | F6: replaceScheduled()/cancelKinds() ยกเลิกทุกรายการของชนิดนั้น · แก้: เก็บเวลา at ในข้อมูลแจ้งเตือน ยกเลิกเฉพาะรายการในอนาคตหรือที่ไม่อยู่ในแผนแล้ว + เทสต์ Jest 4 ข้อ | G6: แก้แล้ว commit c6b05db (เก็บไว้ไม่เกิน 30 นาที) · ยืนยันด้วย Jest ยังไม่ได้ยืนยันบนมือถือ
A7: 3 | B7: บั๊ก | C7: หน้าหลักยังแสดงชั่วโมงก่อนหน้าเมื่อข้ามชั่วโมง | D7: 12:00 ยังแสดง "ดัชนี UV ตอนนี้ (11:00–12:00 น.)" | E7: ค่า UVI ที่แสดงอาจเป็นของชั่วโมงที่ผ่านไปแล้ว | F7: ตรวจว่าการเลือกชั่วโมงปัจจุบันอัปเดตตามเวลาและตอน AppState กลับมา active · น่าจะใช้ useNow ตัวเดียวกับข้อ 1 | G7: แก้แล้ว commit c6b05db · ยืนยันด้วย Jest ยังไม่ได้ยืนยันบนมือถือ
A8: 4 | B8: รอยืนยัน | C8: หน้าวัดแสงแสดง 0 lux ในบ้าน | D8: 12:09 ในบ้าน 0 lux (เอียง 12°) ขณะที่ใต้หลังคาได้ 154 lux | E8: ถ้าเซนเซอร์หยุดส่งค่า ผู้ใช้จะเห็นเลขที่ไม่จริง | F8: ทดสอบ 3 ขั้น: (1) เดินเข้าหาหน้าต่างหรือหลอดไฟ เลขขึ้นไหม (2) ออกจากหน้าวัดแสงแล้วเข้าใหม่ (3) เอามือปิดแล้วเปิดเซนเซอร์เหนือจอ · ถ้าเลขไม่ขยับ = บั๊กการสมัครรับค่าเซนเซอร์ | G8: ทำซ้ำไม่ได้ (13:20 วัดได้ 207 lux) · ไม่แก้โค้ด เขียนเป็นข้อสังเกต
A9: 5 | B9: ข้อจำกัด | C9: แจ้งเตือนในเครื่องมาช้า 2–9 นาที (อาจถึง 11 นาที) | D9: UV สูง ช้า 6 นาที · ทาครีมซ้ำ ช้า 2 นาที · UV ลดลงแล้ว ช้า 9 นาที · ออกแดดรอบ 2 ช้าราว 11 นาที (ตามสูตร ยังไม่ยืนยัน) | E9: คำเตือนผิวไหม้อาจมาหลังเวลาที่ควรเตือน | F9: แอปไม่ได้ขอสิทธิ์ SCHEDULE_EXACT_ALARM Android จึงเลื่อนเวลาส่งได้ และโหมดประหยัดพลังงานน่าจะเปิดอยู่ตลอดการทดสอบ (รอยืนยัน) · เขียนในข้อจำกัด และเสนอเป็นงานต่อยอด | G9: เขียนลงรายงาน
A10: 6 | B10: ข้อจำกัด | C10: CNN ให้ประเภทเมฆเดียวกันทุกภาพจากมือถือ | D10: 4 จาก 4 ภาพ ได้ "เมฆบางสีขาว 100 %" ท้องฟ้าจริงเป็นเมฆบางส่วน | E10: ผลประเภทเมฆบนมือถือเชื่อถือไม่ได้ (ไม่กระทบค่า UVI เพราะ CNN ไม่เปลี่ยน UVI) | F10: สงสัย domain shift จากชุดฝึก · ถ่ายภาพฟ้าใสเพิ่ม 1 ภาพเพื่อตรวจ (แท็บ กล้อง) · ไม่ฝึกใหม่ด้วยภาพของผู้ใช้ | G10: รอภาพตรวจ แล้วเขียนลงรายงาน
A11: 7 | B11: ข้อสังเกต | C11: ค่า lux กลางแดดต่ำกว่าที่คาด | D11: กลางแดดตอนเที่ยง 19,321 lux | E11: ไม่กระทบ UVI (lux ใช้ดูเท่านั้น ยังไม่ปรับเทียบ) | F11: อาจเพราะเมฆบังดวงอาทิตย์ หรือเซนเซอร์/แอปมีเพดาน · ถ้าวัดซ้ำตอนแดดจัดไม่มีเมฆแล้วได้เลขเดิม = มีเพดาน | G11: ยังสรุปไม่ได้
A12: 8 | B12: ยังไม่ได้ทดสอบ | C12: push จากเซิร์ฟเวอร์บนเครื่องจริง, iOS, ขั้นตอนตำแหน่ง 4 กรณี, สรุป 07:00 | D12: push ทดสอบด้วย FakeSender เท่านั้น (ต้องมี Firebase/FCM และ build ใหม่) | E12: ต้องระบุชัดในรายงานว่าส่วนใดทดสอบบนเครื่องจริงแล้ว ส่วนใดยัง | F12: ตำแหน่ง 4 กรณี ทำวันนี้ได้ · สรุป 07:00 ทำพรุ่งนี้เช้า · push จริงและ iOS เขียนเป็นข้อจำกัด | G12: "UV ลดลงแล้ว" ทดสอบแล้ว 15:09 · ที่เหลือยังค้าง
A13: 9 | B13: บั๊ก | C13: เตือนผิวไหม้ข้ามวันเมื่อ UV ต่ำ | D13: 15:37 ค่าบน 3.0 กด "ออกแดด" การ์ดแสดง "จะเตือนราว 08:06" ซึ่งเป็นเช้าวันถัดไป | E13: ผู้ใช้สับสน และอาจได้แจ้งเตือนผิวไหม้ผิดในเช้าวันถัดไป | F13: สะสมปริมาณ UV ข้ามคืน · แก้: นับเฉพาะช่วงที่มีแดดของวันที่เริ่ม (sunEndMs) ถ้าไม่ถึง 80 % แสดง "วันนี้ UV ไม่พอ..." และไม่ตั้งเตือน · ข้อจำกัดที่เหลือ: session ไม่จบเองเมื่อข้ามวัน | G13: แก้แล้ว commit d2b1762 · ยืนยันด้วย Jest (329 ข้อ) บนมือถือ: ไม่ได้จด
